glottocode,Language,Family,Lat,ULong,Grades,Places,Pitch,Closure,Geminate,ArchiPhonemes,Qualities,Ancillary,TotalVowels,Diphthongs,TotalTones,ContrastiveStress,InitialStress,FinalStress,latitude,longitude
abkh1244,Abkhaz,WestCaucasian,43.08,41,3,5,2,1,0,31,2,0,2,0,0,Yes,3,2,43.056218,41.159115
achi1257,Acehnese,Austronesian,5.5,95.5,4,4,0,0,0,20,10,1,17,5,0,No,2,1,3.90757,96.6032
adam1253,Fula,Atlantic-Congo,13,-9,4,4,0,1,1,27,5,1,10,,0,No,1,1,8.140326,13.077338
adyg1241,Adyghe,WestCaucasian,44.1,39.08,3,7,1,1,0,41,3,9,3,0,0,Yes,2,2,44,39.33
afit1238,Affiti,Nyimang(isolate),12.45,30.86,2,4,0,0,0,16,6,0,6,0,2,No,1,1,12.446,30.7611
aghu1253,Aghul,Nakh-Daghestanian(EastCaucasian),41.92,47.58,4,5,1,1,1,41,5,2,5,,,Yes,1,2,41.9242,47.5843
ahte1237,Ahtna,AET,61.71,298.29,3,6,0,1,0,32,5,1,10,0,0,No,2,1,61.7068,-144.889
ainu1240,Ainu,Ainu(isolate),43,143,1,3,0,0,0,11,5,0,5,0,0,Yes,1,1,43.633654,142.46167
akhv1239,Akhvakh,Nakh-Daghestanian(EastCaucasian),42.55,46.35,4,6,1,1,1,88,5,2,20,,0,Yes,1,0,42.4003,46.3037
alam1246,Alamblak,Sepik,-4.67,143.33,2,4,0,0,0,18,7,0,7,0,0,No,3,2,-4.66307,143.316
aleu1260,Aleut,Eskimo-Aleut,54,166,2,5,0,0,0,26,3,1,6,0,0,No,3,3,52.1228,-174.29
aleu1260,Aleut,Eskimo-Aleut,54,306,2,5,0,0,0,26,3,1,6,0,0,No,3,3,52.1228,-174.29
alse1251,Alsea,Alsea-Yaquina,44.41,315.59,2,5,1,1,,30,3,3,12,,,,2,3,44.408,-123.94
amel1241,Amele,NuclearTNG,-5.25,145.58,2,2,0,1,0,15,5,0,5,6,0,No,1,1,-5.29126,145.687
amha1245,Amharic,Semitic,10,38,3,4,1,1,1,30,7,0,7,,0,No,2,2,11.708182,39.543456
andi1255,Andi,Nakh-Daghestanian(EastCaucasian),42.81,46.29,3,6,1,1,1,57,5,0,5,0,4,No,1,1,42.8078,46.2919
anem1249,Anêm,WestNewBritain,-5.58,149.08,2,3,0,0,0,14,7,0,7,,0,,2,1,-5.54836,148.993
apur1254,Apurinã,Arawakan,-9,293,1,4,0,0,0,14,5,2,20,6,0,No,1,0,-8.21692,-66.7714
arap1274,Arapaho,Algic,43.39,316.61,1,4,1,0,0,12,4,1,8,4,2,,1,0,43.3879,-108.81
arch1244,Archi,Nakh-Daghestanian(EastCaucasian),42.07,46.83,4,6,1,1,0,42,6,2,11,,0,Yes,1,2,42.3239,46.8267
atak1252,Atakapa,Atakapa(isolate),30.91,329.09,1,5,0,0,0,13,5,1,9,0,,,1,2,30.9121,-93.0827
avar1256,Avar(std),Nakh-Daghestanian(EastCaucasian),42.54,46.7,4,6,1,1,1,44,5,0,5,0,0,Yes,1,2,41.7047,46.558
awac1239,AwaPit,Barbacoan,1.5,281.75,1,3,0,0,0,14,4,1,7,,0,No,2,2,1.21652,-78.3401
awtu1239,Awtuw,Sepik,-3.53,141.93,1,3,0,0,0,11,7,0,7,0,,Yes,2,3,-3.53129,141.928
babi1235,Witsuwit'en(Babine),AET,55.1,304.9,3,7,1,1,0,35,6,0,6,,0,No,2,1,55.0997,-126.41
bagv1239,Bagwalal,Nakh-Daghestanian(EastCaucasian),42.4,46.1,3,6,1,1,1,44,5,2,17,0,2,Yes,1,2,42.3966,46.1041
bard1255,Bardi,Nyulnyulan,-16.58,122.92,1,5,0,0,0,17,4,1,7,0,0,No,1,1,-16.6274,122.906
basq1248,Basque,Basque(isolate),43,-3,3,5,0,0,0,28,6,0,6,0,0,No,2,1,43.2787,-1.31622
bats1242,"Bats,Batsbi",Nakh-Daghestanian(EastCaucasian),42.3,45.29,5,5,0,1,1,41,5,2,18,6,0,No,3,3,42.1806,45.344
beja1238,Beja,Cushitic,18,36,2,5,1,0,,21,5,1,10,0,0,Yes,2,2,17.2436,36.6666
belh1239,Belhare,Sino-Tibetan,26.97,87.3,3,4,0,0,0,22,6,1,8,0,0,No,2,1,26.9972,87.2783
bezh1248,Bezhta,Nakh-Daghestanian(EastCaucasian),42.13,46.14,3,6,0,1,0,28,8,2,19,,3,No,1,2,42.1206,46.0332
bilo1248,Biloxi,Siouan,31.32,328.68,1,4,0,0,0,12,6,2,14,,,,3,2,31.32,-89.1951
biss1248,Bisa,Mande,12.95,-0.5,2,3,0,0,,18,10,2,33,0,8,,2,1,10.4257,-1.67332
buki1249,Bukiyip,NuclearTorricelli,-3.5,143,2,4,0,0,0,17,8,0,8,0,0,Yes,2,2,-3.47169,143.111
bulg1262,Bulgarian,Indo-European,42.5,25,2,4,1,0,0,36,6,0,6,0,0,Yes,3,3,43.3646,25.047
buru1296,Burushaski,Burushaski(isolate),36.22,74.82,3,6,0,0,0,36,5,1,10,0,0,Yes,2,2,36.2161,74.8236
cadd1256,Caddo,Caddoan,33.33,326.67,3,4,0,1,0,22,3,1,6,0,1,No,1,1,33.33,-93.5
cane1242,Canela-Krahô,Macro-Ge,-7,315,2,3,0,0,0,12,10,2,27,0,0,No,2,1,-6.10712,-45.1299
carn1240,Car,Austroasiatic,9,93,1,4,0,0,0,17,10,2,35,0,0,No,1,1,9.18853,92.7671
cash1251,Kashibo-Kakataibo,Pano-Tacanan,-8.7,284.5,1,4,1,0,0,15,6,0,6,0,1,No,1,1,-8.70232,-75.4206
cata1286,Catawba,Siouan,34.97,325.03,2,4,0,0,0,15,4,2,12,0,0,Yes,1,1,34.9685,-80.8857
cavi1250,Cavineña,Pano-Tacanan,-13.33,346.67,2,4,1,0,0,19,4,0,4,0,0,No,1,0,-13.3544,-66.6277
cayu1262,Cayuvava,Cayuvava(isolate),-13.5,294.5,2,4,0,0,0,17,6,1,12,,0,Yes,1,0,-13.2482,-65.4822
cent2127,CentralAlaskaYup'ik,Eskimo-Aleut,60.31,299.69,1,5,0,0,1,27,4,1,7,0,0,Yes,1,1,60.3062,-161.486
cent2128,Yup’ik(Siberian),Eskimo-Aleut,64,172,1,4,1,0,0,32,4,1,7,0,0,No,1,1,63.4308,-170.272
cent2142,Aymara,Aymaran,-16.5,291.85,3,5,0,0,0,26,3,0,3,0,0,No,1,1,-17,-68.5
cent2194,Tamazight(AytNdhir),Berber,30,5,2,4,2,0,0,30,3,0,3,0,0,No,2,2,32.7415,-2.40872
cham1309,Chamalal,Nakh-Daghestanian(EastCaucasian),42.5,45.99,3,6,0,1,0,39,5,2,12,0,4,No,1,2,42.5024,45.995
cher1273,Cherokee,Iroquoian,35.47,324.53,1,3,1,0,0,13,5,2,12,0,2,Yes,1,1,35.4664,-83.163
chic1270,Chickasaw,Muskogean,34,326,1,4,0,0,1,16,3,2,12,,0,No,1,1,34,-88
chic1272,Chichimec,Otomanguean,21.67,259.5,2,5,0,0,0,20,7,1,14,0,0,Yes,2,2,21.2943,-100.524
chil1280,Chilcotin,AET,51.99,308.01,3,7,2,1,0,47,3,2,6,0,2,No,1,1,51.98952,-123.24458
chim1301,Chimariko,Chimariko(isolate),41,237,3,6,0,1,0,33,5,0,5,0,0,No,2,2,41,-123
chip1262,Chipaya,Uru-Chipaya,-18.75,292.17,3,4,0,1,0,40,5,1,10,,0,No,2,2,-18.73951,-67.89633
chir1284,Chirag,Nakh-Daghestanian(EastCaucasian),41.83,47.43,4,5,2,1,1,35,4,2,8,,,Yes,1,2,41.869481,47.41111
chit1248,Chitimacha,Chitimacha(isolate),30.34,329.66,2,4,0,1,0,16,5,1,10,0,0,No,1,4,30.3386,-90.9123
chol1284,Cholon,Cholonan,-8,282.5,2,4,0,0,0,15,5,1,9,0,,,1,1,-9.23129,-75.9621
chuk1273,Chukchi,Chukchi-Kamchatkan,67,170,1,4,0,1,0,13,5,0,5,0,0,No,1,1,68.6436,170.045
chuv1255,Chuvash,Turkic,55.49,47.16,1,4,0,0,0,14,8,0,8,8,0,No,1,2,55.48701,47.16298
coah1252,Coahuiltec,Coahuiltec(isolate),28.26,331.74,2,5,1,1,0,24,5,1,10,0,,,1,2,28.2589,-97.89
coeu1236,Coeurd'Alene,Salishan,47.3,312.7,3,4,1,1,0,40,5,0,5,4,0,Yes,3,4,47.2958,-116.715
coos1249,HanisCoos,Coosan,43.44,316.56,3,5,1,1,0,36,5,1,9,4,,,2,2,43.4413,-124.16
cree1270,Creek,Muskogean,31,329,1,4,0,0,1,13,3,2,12,3,2,No,1,2,31,-87.5
cupe1243,Cupeño,Uto-Aztecan,33.17,243.5,1,5,1,0,0,24,6,1,12,0,0,Yes,1,1,33.3148,-116.515
cusc1236,CuzcoQuechua,Quechuan,-14.5,289,3,5,0,1,0,26,5,0,5,0,0,No,1,1,-14.0853,-71.7663
dagi1241,Dagik,NarrowTalodi,10.58,29.94,2,4,0,0,1,16,8,0,8,0,2,,1,3,10.583,29.9404
daha1245,Dahalo,Cushitic,-2.33,40.5,8,5,1,3,1,64,5,1,10,,2,No,1,1,-2.1843,40.37
dard1243,Eref(dial.ofDarDajuDaju),Daju,12.12,18.8,4,4,0,2,0,29,5,1,10,,2,,1,1,12.1187,18.7996
darg1241,Akusha/StdDargwa,Nakh-Daghestanian(EastCaucasian),42.27,47.34,3,5,0,1,0,36,5,0,5,,,,1,2,42.4257,47.4388
dido1241,Tsez,Nakh-Daghestanian(EastCaucasian),42.19,45.96,3,6,2,1,1,28,6,0,6,,,No,1,2,42.2646,45.8096
dier1241,Diyari,Pama-Nyungan,-28,139,2,6,0,0,0,22,3,0,3,0,0,No,1,0,-28.1667,138
djap1238,Djapu,Pama-Nyungan,-12.88,136.42,1,6,0,0,0,19,3,1,6,0,0,No,1,2,-12.879764,136.417978
djin1251,Jingulu(Djingili),Mirndi,-17.75,134,1,5,0,0,0,18,3,1,4,0,0,No,1,2,-17.165,133.659
dyir1250,Dyirbal,Pama-Nyungan,-17.83,145.58,1,4,0,0,0,13,3,0,3,0,0,No,1,1,-17.4516,145.544
east2545,Pomo(Eastern),Pomoan,39,237.33,4,6,1,1,0,38,5,1,10,,0,Yes,1,2,38.5647,-122.586
east2652,Oromo(Harar),Cushitic,9,42,3,4,0,1,1,24,5,1,10,0,2,No,1,1,8.67428,41.4395
egyp1253,Arabic(Egyptian),Semitic,30,31,2,3,1,0,0,21,3,1,6,,0,No,1,2,31,31
embe1262,Embera(Chamidial.),Chocoan,4.88,283.93,3,4,0,1,0,15,6,1,12,0,0,Yes,1,1,4.8791,-76.0749
erzy1239,Mordvin(Erzya),Uralic,53,45.5,2,5,0,0,0,27,5,0,5,0,0,No,3,6,52.8548,45.3901
esto1258,Estonian,Uralic,59,26,3,4,0,0,1,17,9,1,9,8,0,No,1,2,58.55,25.82
even1259,Evenki,Tungusic,56,125,2,4,0,0,0,18,6,1,11,0,0,No,1,1,61.972,94.689
fiji1243,Fijian(Boumaa),Austronesian,-18,178,2,3,0,1,0,20,5,1,10,7,0,No,1,0,-18,178.33
finn1318,Finnish,Uralic,62,25,3,3,0,0,1,21,8,1,16,18,0,No,1,1,64.7628,25.5577
fore1265,Enets(Forest),Uralic,68.6,86.5,2,4,0,0,0,21,6,1,12,0,,No,1,2,68.6,86.5
furr1244,Fur,Furan,13.5,25,2,3,0,0,1,17,5,0,5,0,2,,1,1,12.0455,23.6401
gabo1234,GuébIndo-European,Kru,5.96,-5.84,2,5,1,0,,22,10,0,10,0,4,,2,0,5.964761,-5.841819
gand1255,Luganda1,Atlantic-Congo,0.5,32.17,4,4,0,0,0,35,5,1,10,,3,,2,0,0.66884,32.15153
gand1255,Luganda2,Atlantic-Congo,0.5,32.17,2,4,0,1,0,27,5,0,5,,3,,1,0,0.66884,32.15153
gara1269,Garrwa,Garrwan,-17.45,137.72,1,4,0,0,0,14,3,0,3,,0,No,1,1,-17.4504,137.72014
ghod1238,Godoberi,Nakh-Daghestanian(EastCaucasian),42.63,46.11,4,6,0,1,1,43,5,1,10,4,2,Yes,1,1,42.7428,46.2252
gily1242,Nivkh(Gilyak),Nivkh(Gilyak)(isolate),53.33,142,3,5,0,0,0,33,6,0,6,,2,,2,3,52.59,140.681
goon1238,Kuniyanti,Bunuban/Bunaban,-18.33,126.33,1,6,0,0,0,19,3,1,4,0,0,No,1,1,-18.4073,126.351
gras1249,Koiari,Koiarian,-9.5,147.33,2,3,0,0,0,13,5,0,5,0,0,Yes,1,0,-9.51218,147.437
guin1254,Kpelle(Guinea),Mande,7,-10,2,4,1,1,,23,7,1,12,0,2,,1,1,7.93196,-8.98843
gumu1244,Gumuz,Gumuz,11.5,35.83,2,4,0,0,0,31,5,1,10,0,2,,1,2,11.05,35.93
gunw1252,BininjGun-Wok,Gunwingguan,-12.5,133.75,2,5,0,0,1,22,5,0,5,0,0,No,1,3,-12.3398,133.358
hadz1240,Hadza,Hadza(isolate),-3.83,35.05,8,4,1,3,0,54,5,1,7,0,2,,1,1,-3.83115,35.0458
halh1238,Mongolian(Khalkha),Mongolic,47,105,2,4,1,0,0,17,7,1,14,3,0,No,1,3,48.32397,106.28874
hata1243,Hatam,Hatam-Mansim,-1.14,134.04,2,4,0,0,1,22,5,0,5,0,,No,3,1,-1.13531,134.037
haus1257,Hausa,Chadic,12,18,3,4,2,0,0,32,5,1,10,2,3,,1,1,11.1513,8.7804
high1242,Chontal(Highland),Tequistlatec-Jiqaque,16.25,264.25,2,5,0,1,0,18,5,0,5,,0,No,3,2,16.1849,-95.7301
hind1269,Hindi,Indo-European,25,77,4,5,0,0,1,29,10,1,20,0,0,No,3,3,25,77
hinu1240,Hinuq,Nakh-Daghestanian(EastCaucasian),42.18,45.99,3,6,1,1,0,42,6,1,12,6,0,Yes,1,2,42.4502,45.8064
hixk1239,Hixkaryana,Cariban,-1,301,2,4,0,0,0,18,5,0,5,0,0,No,2,0,-0.16265,-58.80153
hopi1249,Hopi,Uto-Aztecan,36,250,1,4,1,0,0,20,6,1,12,7,2,No,1,2,35.7653,-110.535
hual1241,HuallagaQuechua,Quechuan,-10,284,1,5,0,0,0,16,3,1,6,0,0,No,1,1,-9.57135,-75.594
huas1242,HuastecMayan,Mayan,21.62,338.38,2,5,0,1,0,21,5,1,10,,0,No,1,1,21.6153,-98.5028
hung1274,Hungarian,Uralic,47,20,2,4,0,0,1,50,7,1,14,0,0,No,1,2,46.90685857,19.65552714
hunz1247,Hunzib,Nakh-Daghestanian(EastCaucasian),42.16,46.23,3,6,0,1,0,26,8,2,24,0,3,Yes,1,1,42.0808,46.1369
hupa1239,Hupa,AET,41.1,236.33,3,4,1,1,0,28,4,1,7,0,0,,1,1,41.0982,-123.68
imba1240,ImbaburaQuechua,Quechuan,0.33,282,2,4,0,0,0,22,3,0,3,0,,No,1,1,0.31776,-78.3729
ines1240,Ineseño,Chumashan,34.67,325.33,3,5,0,1,0,38,6,0,6,0,0,,2,2,34.6169,-120.08
ingu1240,Ingush,Nakh-Daghestanian(EastCaucasian),42.97,44.77,4,6,0,1,1,39,9,2,16,4,1,No,2,3,43.11,45.03
iris1253,Irish,Indo-European,53,-8,2,3,1,0,0,16,5,1,10,4,0,No,2,2,53.2186,-7.61509
ital1282,Italian(Std.),Indo-European,43,12,2,4,0,0,1,20,7,0,7,7,0,Yes,3,0,43.0464,12.6489
itel1242,Itelmen,Chukchi-Kamchatkan,57,157.5,2,5,0,1,0,25,5,1,5,0,0,No,7,4,56.046173,156.30704
ixte1237,IxtencoOtomí,Otomanguean,19.21,340.79,2,4,0,0,0,19,8,1,12,0,3,No,4,0,19.2146,-98.0272
jams1239,Jamsay,Dogon,14.35,-3.61,2,3,0,0,0,20,7,2,21,,4,,1,1,14.1794,-2.57999
japh1234,Japhug/Jiarong,Sino-Tibetan,31.5,102,4,6,0,1,0,50,8,0,8,0,0,No,3,1,32.1,102.36
jaqa1244,Jaqaru,Jaqi(Aymaran),-13,284,3,5,0,0,0,32,3,1,6,0,,No,1,1,-12.741939,-75.809231
julu1237,Julut/Julud,Katla-Tima,11.53,29.55,3,6,0,1,0,27,11,0,11,0,0,No,2,1,11.528258,29.552753
kaba1278,Kabardian,WestCaucasian,43.3,43.3,3,9,1,1,0,49,3,0,3,0,0,No,3,2,43.5082,43.3918
kach1284,Haro,Ta-NeOmotic,6.26,37.53,4,4,0,2,1,26,5,1,10,0,1,Yes,1,2,6.3971,37.9291
kala1377,KalaLagawYa,Pama-Nyungan,-10.67,142.2,2,4,0,0,0,18,4,1,8,0,0,No,1,2,-10.6748,142.196
kama1351,Kamas,Uralic,55.07,94.83,2,4,1,0,0,,9,0,7,,0,No,1,2,55.07,94.83
kara1474,Karata,Nakh-Daghestanian(EastCaucasian),42.6,46.34,4,6,1,1,1,47,5,2,18,0,0,Yes,1,1,42.6501,46.3151
kara1500,Karajá,NuclearMacro-Jê,-11,310,1,3,0,0,0,9,13,2,17,0,0,No,1,0,-11.1881,-50.3492
karo1304,Karok,Karok(isolate),41.67,237,1,4,0,0,0,16,5,1,8,,0,No,1,1,41.8228,-123.315
kaya1319,Kayardild,Tangkic,-17.05,139.5,1,6,0,0,0,17,3,1,6,0,0,No,1,0,-17.0695,139.489
kaza1248,Kazakh,Turkic,51.17,71.45,2,3,0,0,0,20,9,0,9,0,0,No,1,1,51.17,71.454
kenu1243,Kenuzi(Kunuz),Nubian,24.09,32.9,2,4,0,0,0,16,5,1,10,0,0,No,1,1,24.09,32.9
kett1243,Ket,Yeniseian,64,87,1,4,0,0,0,12,7,0,7,0,5,No,1,2,63.7551,87.5466
khak1248,Khakas,Turkic,53,90,2,4,0,0,0,14,9,1,17,0,0,No,1,2,50.73933,107.16939
khin1240,Xinalug,Nakh-Daghestanian(EastCaucasian),41.18,48.13,4,5,1,1,1,43,9,0,9,3,,Yes,2,2,41.1801,48.0571
kild1236,KildinSaami,Uralic,67,37,5,4,1,0,1,60,7,1,13,4,0,No,1,2,68.2158,35.8348
kili1262,CilicianArmenian,Indo-European,37.2,35.9,2,4,0,0,0,,5,0,5,0,0,No,3,3,37.2,35.9
kiow1266,Kiowa,Kiowa-Tanoan,37,261,4,3,0,1,0,21,6,2,18,4,2,No,2,1,34.9403,-98.9042
klam1254,Klamath,PlateauPenutian,42.5,238.5,3,5,0,1,0,33,4,1,8,,0,No,2,4,42.5861,-121.704
koas1236,Koasati,Muskogean,34.83,274.83,1,4,0,0,0,15,3,1,6,0,3,No,1,1,30.4096,-92.709
kobo1249,Kobon,NuclearTNG,-5.17,144.33,1,4,0,0,0,19,7,0,7,2,0,No,2,1,-5.16446,144.46
komi1268,Komi,Uralic,62,50,2,5,0,0,0,26,7,0,7,0,0,No,1,2,64.0527,54.946
kore1280,Korean,Korean(isolate),37.5,128,3,4,0,0,0,19,10,1,20,,0,No,2,2,37.54,126.98
koro1312,Korowai,NuclearTNG,-5.27,140.05,3,4,0,1,0,19,7,1,14,0,0,Yes,1,1,-5.26952,140.047
koyr1240,KoyraChiiniSonghay,Songhay,17,-3,2,4,0,0,0,19,5,2,10,4,0,No,2,1,16.192,-3.73962
kron1241,Krongo,Kadugli-Krongo,10.5,30,3,5,0,2,1,24,7,1,14,,2,No,2,1,10.514,30.003
kryt1240,Kryz,Nakh-Daghestanian(EastCaucasian),41.18,48.18,3,5,3,1,0,42,4,0,4,,0,No,1,2,41.1811,48.1846
kuba1248,Kubachi,Nakh-Daghestanian(EastCaucasian),42.09,47.6,4,5,0,1,1,42,4,2,12,0,,No,1,2,42.08504,47.601843
kumi1248,DIndo-Europeangueño/Tipai,Yuman,33,243,1,5,1,0,0,21,4,1,7,8,0,No,3,2,32.331,-116.604
kuna1268,Kunama,Kunama(isolate),14.5,37,2,4,0,0,1,19,5,1,10,3,2,,1,0,14.5879,37.5292
kung1261,!Kung,Ju(NorthernKhoisan)(Glottolog:Kxa),-19.67,18,8,5,0,1,0,93,5,5,23,10,4,No,1,1,-21.92,18
kute1249,Kutenai,Kutenai(isolate),49.5,244,2,4,0,1,0,23,3,1,6,0,0,,4,3,48.7892,-115.065
kwak1269,Kwak'wala,Wakashan,50.93,309.07,3,6,1,1,0,42,4,0,4,,0,No,1,3,50.9269,-127.308
kwaz1243,Kwaza,Kwaza(isolate),-12.58,299.33,2,5,0,1,0,19,8,1,15,13,0,No,2,1,-11.6667,-61.1833
lakk1252,Lak,Nakh-Daghestanian(EastCaucasian),42.17,47.11,4,5,2,1,0,36,4,1,8,0,0,No,1,2,42.1328,47.0809
lako1247,Lakhota,Siouan,43.83,258.17,4,4,0,1,0,28,5,1,8,0,0,Yes,2,1,46.3699,-103.95
lang1324,Lango,Nilotic,2.17,33,2,4,0,0,0,16,10,0,10,,4,No,2,1,2.13867,33.0553
latv1249,Latvian,Indo-European,57,24,2,4,1,0,0,25,6,1,12,10,2,No,3,3,56.826108,24.309118
lavu1241,Lavukaleve,Lavukaleve(isolate),-9.08,159.12,1,3,0,0,0,13,5,0,5,0,0,Yes,1,1,-9.05569,159.119
lazz1240,PazarLaz,Kartvelian,41.1,40.53,3,4,1,1,0,34,5,0,5,0,0,No,3,2,41.5004,41.9096
lele1276,Lele,Chadic,9.08,15.58,4,4,0,3,0,22,5,0,5,,3,,1,1,9.158,15.81149
lezg1247,Lezgi,Nakh-Daghestanian(EastCaucasian),41.67,47.83,4,5,1,1,0,38,7,0,7,,,No,3,2,41.5157,47.8951
lith1251,Lithuanian,Indo-European,55,24,2,4,1,0,0,23,6,1,10,6,2,Yes,3,2,55.1429,23.9601
logu1236,Sardinian(Nuoresedial.),Indo-European,40.49,9.1,2,3,0,0,0,21,8,1,13,,0,Yes,2,1,40.49,9.09957
lowe1385,Sorbian(Lower),Indo-European,51.75,14.33,2,5,1,0,0,31,7,0,7,0,0,No,3,2,51.6621,13.9407
lowl1265,Rarámuri,Uto-Aztecan,26.85,252.9,3,4,0,0,0,18,5,0,5,4,3,Yes,1,0,27.3512,-108.0559
lumu1239,Lumun,NarrowTalodi,10.83,30.25,2,6,1,0,1,13,8,0,8,0,4,,1,1,10.8308,30.253
luva1239,Luvale,Atlantic-Congo,-12,22,2,4,1,1,0,22,5,1,10,0,4,No,1,0,-13.5382,22.2924
mace1250,Ma'di,CentralSudanic,3.25,31.25,4,5,1,3,0,44,9,0,9,0,3,No,1,0,41.5957,21.7932
madi1260,Maa(Maasai),Nilotic,-3,36,3,4,0,2,0,25,9,1,9,7,3,,1,1,3.62499,31.8471
maib1239,Maybrat,Maybrat-Karon,-1.33,132.5,1,3,0,0,0,11,5,0,5,0,0,Yes,2,1,-1.3679,132.591
male1284,Macedonian,Indo-European,41.67,21.75,2,5,0,0,0,26,5,0,5,0,0,No,3,2,5.91975,36.9892
malt1254,Maltese,Semitic,35.89,14.45,2,4,0,0,1,23,6,1,11,,0,No,3,3,35.8884,14.4508
manc1252,Manchu,Tungusic,49.5,128,2,4,0,0,0,19,7,0,7,0,,,1,1,47.31225,126.55713
mand1415,Mandarin,Sino-Tibetan,35,110,2,5,0,0,0,23,5,0,5,0,4,No,1,1,40.0209,116.228
mang1381,Mangarayi,Mangarayan,-14.67,133.5,1,5,0,0,0,17,5,0,5,0,0,No,1,2,-14.8,133.5
mann1248,Mano,Mande,7,-9,2,5,,1,0,23,7,1,12,,3,,1,0,7.04616,-8.86405
mans1258,Mansi(North),Uralic,62,62,1,4,1,0,0,19,5,1,10,0,0,No,1,2,64.4118,61.344
mapu1245,Mapudungun,Mapudungun(isolate),-38,288,1,6,0,0,0,21,6,0,6,8,0,No,1,1,-38.7392,-71.277
mart1255,Martuthunira,Pama-Nyungan,-21,116,1,6,0,0,0,20,3,1,6,0,0,No,1,1,-20.9294,116.607
masa1300,Maale,Ta-NeOmotic,6,36.92,3,4,0,1,1,26,5,1,10,3,2,No,1,0,-3.1419,36.4573
maun1240,Mawng,Iwaidjan,-11.92,133.5,1,5,0,0,0,18,3,0,3,,0,,2,2,-11.66,133.376
mehr1241,Mehri,Semitic,16.79,52.47,3,3,0,1,0,30,6,1,9,4,0,No,2,2,16.793,52.473
meny1245,Menya,Angan,-7.25,146,2,5,0,1,0,17,6,0,5,,,No,3,0,-7.17425,146.071
mian1256,Mian,NuclearTNG,-5.13,141.58,2,3,1,0,0,15,6,1,6,6,5,No,2,1,-4.70881,141.523
mina1276,Mina,Chadic,9.08,13.856,5,3,0,3,,42,6,0,3,0,2,,2,2,10.38053,13.84054
misk1235,Miskito(Gl.Mískito),Misumalpan,15.16,344.84,2,3,0,0,0,14,3,1,6,0,0,No,2,2,15.1576,-84.2942
moch1259,Mochica,Mochica,-7.5,280.67,1,4,0,0,0,20,6,1,12,,,No,1,1,-8.01667,-79
moco1246,Mocoví,Guaycurú,-28,299,2,5,0,0,0,23,4,1,8,,,No,2,2,-28.097,-60.4145
mode1248,Greek(modern),Indo-European,39,22,1,3,0,0,0,16,5,0,5,0,0,Yes,3,1,38.36,23.13
moro1292,MoroccanArabic,Semitic,32.5,-7.5,2,5,1,0,1,28,4,0,4,,0,No,3,2,32.5,-7.5
movi1243,Movima,Movima(isolate),-13.83,294.33,2,3,1,2,0,19,5,1,10,0,0,No,1,1,-13.8115,-65.6348
mwag1236,Mupun,Chadic,9.5,8.83,3,4,0,1,0,22,5,1,10,,3,,2,1,9.47205,8.96522
nama1264,Nama(Khoekhoe),Khoe-Kwadi(CentralKhoisan),-25.5,18,7,5,0,5,0,36,5,1,9,0,4,,1,2,-25.0747,17.9767
nana1257,Nanai,Tungusic,49.5,137,2,4,0,0,0,18,6,2,24,12,0,No,1,1,48.43426,134.79726
natc1249,Natchez,Natchez(isolate),31.75,268.67,1,3,1,0,0,19,5,1,10,0,0,No,1,2,31.75,-91.33
nava1243,Navajo,AET,36.17,323.83,3,6,1,1,0,36,4,1,8,0,2,,1,1,36.33,-109.38
nene1249,Nenets(Tundra),Uralic,69,72,2,4,1,0,0,16,6,1,9,0,0,No,1,1,66.1775,71.0234
nezp1238,NezPerce,PlateauPenutian,45,244.7,2,4,1,1,0,21,5,1,10,,0,Yes,1,2,46.3073,-116.408
ngan1291,Nganasan,Uralic,71,93,1,5,0,0,0,19,8,0,8,3,0,No,1,1,73.1354,86.2106
ngar1284,Ungarinjin,Worrorran,-16.33,126,1,5,0,0,0,17,5,1,6,0,0,No,2,1,-16.4006,126.433
ngba1285,NgbakaMinagende,Atlantic-Congo,20,3.5,4,4,1,3,0,30,7,1,12,0,4,,1,0,2.98887,18.994
nisg1240,Nisgha,Tsimshianic,55,305,2,5,1,1,0,30,5,1,10,,0,Yes,3,3,55.199,-129.192
nort2671,NorthSaami,Uralic,69,24,4,4,0,0,1,35,7,1,14,4,0,No,2,2,68.725,22.1113
nort2745,Yukagir(Tundra),Yukagir,70.5,157.85,2,5,0,0,0,20,6,1,12,3,0,No,1,1,70.498,157.853
nort2938,Haida,Haida(isolate),53,228,3,5,0,1,0,28,5,0,5,,2,,3,2,54.004532,-132.079257
nort2942,Slave(Slaveydial.),AET,60,244,4,7,1,2,0,37,5,2,16,0,2,No,1,2,63.5,-125.67
nort2952,Maidu(Northeast),Maiduan,40,239.33,4,6,0,2,0,18,6,0,6,0,0,Yes,1,1,40.4102,-120.645
nucl1301,Turkish,Turkic,39,35,2,4,0,0,0,,7,0,7,0,0,No,1,2,39.8667,32.8667
nucl1302,Georgian,Kartvelian,42,44,3,5,0,1,0,28,5,0,5,0,0,No,9,5,41.850397,43.78613
nucl1643,Japanese,Japonic,37,140,2,3,0,0,0,16,5,0,5,0,0,Yes,1,1,35,135
nung1290,Nunggubuyu,Gunwingguan,-13.75,135.67,1,6,0,0,0,20,3,1,6,,0,No,1,2,-14.2623,135.753
nuuc1236,Nuuchahnulth,Wakashan,49.67,233.33,2,6,1,1,0,37,5,1,10,0,0,No,1,2,49.67,-126.67
onei1249,Oneida,Iroquoian,43,284.33,1,3,0,0,0,10,4,2,12,0,0,No,3,3,43.438742,-75.708106
osag1243,Osage,Siouan,36.78,323.22,5,4,0,1,1,31,5,2,16,,0,No,2,1,36.7828,-96.2949
paez1247,Paez,Paesan,-3,284,2,3,1,2,0,17,4,3,16,,,No,2,2,2.61516,-76.31254
paiw1248,Paiwan,Austronesian,22.5,120.83,2,4,0,0,0,22,4,0,4,0,0,No,1,1,22.3271,120.806
para1311,Guaraní(Paraguayan),Tupian,-26,304,2,4,1,0,0,18,6,1,12,0,0,No,1,0,-25.60551,-57.08816
peve1243,Pévé,Chadic,9,14.5,4,4,1,1,0,36,5,1,10,,3,,3,1,9.16111,14.441
phal1254,Palula,Indo-European,35.28,71.53,3,5,0,0,0,32,5,1,10,0,0,Yes,3,2,35.5096,71.8421
pipi1250,Pipil,Uto-Aztecan,13.89,346.11,1,5,0,0,0,14,4,1,8,,0,No,1,1,13.8931,-89.443
pira1253,Pirahã,Mura-Matanawí,-7,298,1,3,0,0,0,7,3,0,3,0,2,No,1,0,-6.77713,-61.8167
pite1240,PiteSaami,Uralic,66.03,17.54,4,4,0,0,1,43,8,1,9,1,0,No,1,3,66.4011,17.4261
plai1258,Cree(Plains),Algic,52,280,1,4,0,0,0,10,4,1,7,0,0,No,1,2,51.2437,-110.463
port1283,Portuguese,Indo-European,39.91,-8.1,2,3,0,0,1,17,5,0,5,15,0,No,2,1,39.91,-8.1
puqu1242,Puquina,Puquina(isolate),-15.9,290.04,2,5,0,0,0,19,4,1,10,,,,2,2,-15.8992,-69.9611
pure1242,Purepecha,Tarascan(isolate),19.5,258.33,2,4,0,0,0,18,6,0,6,0,0,Yes,2,0,19.2467,-101.631
qawa1238,Kawesqar(Qawasqar),Kawesqar,-49.3,310.7,2,5,0,1,0,18,6,0,5,,,,3,1,-49.303195,-74.707536
quap1242,Quapaw,Siouan,34.15,325.85,5,4,0,1,,,4,2,11,,0,No,2,0,34.15,-92
rama1270,Rama,Chibchan,11.5,348.5,2,4,0,0,0,17,3,1,6,0,2,No,2,1,11.5007,-83.8571
rapa1244,Rapanui,Austronesian,-27,251,1,3,0,0,0,10,5,1,10,0,0,No,1,0,-27.113,-109.342
rayo1235,ChiapasZoque,Mixe-Zoque,17.3,342.7,1,3,0,0,0,11,6,0,6,0,0,No,2,1,17.2953,-93.1006
roma1327,Romanian(Std.),Indo-European,46,25,2,4,0,0,0,22,7,0,7,,0,Yes,3,2,46.3913,24.2256
russ1263,Russian,Indo-European,56,38,2,3,1,0,0,20,5,0,5,0,0,Yes,3,3,59,50
rutu1240,Rutul:Luchek,Nakh-Daghestanian(EastCaucasian),41.62,47.32,3,6,3,1,0,30,6,1,9,,4,Yes,1,2,41.6187,47.3244
sahu1245,Sahu,WestPapuan,1.01,127.49,3,4,0,1,0,24,5,0,5,0,0,Yes,1,0,1.00742,127.493
sala1264,Salar,Turkic,35.55,102.82,2,6,0,0,0,27,8,1,8,0,0,No,1,2,35.5457,102.819
sand1273,Sandawe,Sandawe(isolate),-5.27,35.48,9,4,1,2,0,45,5,1,10,0,3,,1,0,-5.26918,35.4808
sanf1258,Huave,Huave(isolate),16.23,265.37,2,5,1,1,0,19,5,1,10,0,0,No,1,1,16.2836,-94.5738
sanm1295,Mixtec(Chalcatongo),Otomanguean,17.05,262.42,2,5,1,1,0,20,6,1,12,0,3,No,1,0,17.046881,-97.622482
sanu1240,Sanuma,Yanomaman,4.5,295.33,1,3,0,0,0,11,7,1,13,,,No,1,0,4.5,-64.5
seek1238,Seenku,Mande,11.13,-4.58,2,5,0,1,,20,9,2,24,20,4,,2,1,11.1285,-4.58203
selk1253,Selkup(Northern),Uralic,65,82,1,5,0,0,0,16,13,1,25,0,0,No,1,1,59.9409,82.3004
seri1257,Seri,Seri(isolate),29,248,1,3,0,0,0,16,4,1,8,,0,Yes,4,2,28.9877,-112.384
shek1245,Sheko,Dizoid,7.05,35.28,3,5,0,1,0,28,6,1,11,0,4,,2,2,7.05022,35.2826
ship1254,Shipibo-Konibo,Pano-Tacanan,-7.5,285,1,4,0,0,0,15,4,0,4,0,,Yes,1,1,-7.17105,-74.8219
shon1251,Shona,Atlantic-Congo,-17.2,31,5,5,1,1,,55,5,0,5,0,2,,1,0,-17.20849,29.75725
shos1248,TümpisaShoshone,Uto-Aztecan,37,243,1,4,1,0,1,14,6,1,12,1,0,No,1,1,41,-116
shua1257,Shuar(Jivaro),Chicham,-2.5,282,1,4,0,0,0,16,4,1,8,0,0,,1,1,-3.45136,-78.1892
sida1246,Sidaama,Cushitic,6.67,38.5,3,4,0,1,0,25,5,1,10,0,0,Yes,1,0,6.74176,38.3729
siks1238,Blackfoot,Algic,50,310,2,3,0,0,1,12,3,1,6,3,1,Yes,1,0,49.0669,-113.109
sire1246,Sirenik,Eskimo-Aleut,64.5,173.9,1,5,0,0,0,20,4,0,4,0,0,,2,1,64.5192,-173.925
siwa1245,Motuna,SouthBougainville,-6.62,155.42,1,3,0,0,0,,5,0,5,0,0,No,1,1,-6.6429,155.452
siwi1239,Siwi,Berber,29.2,25.52,3,5,1,0,1,47,6,0,6,,0,No,2,2,29.200415,25.519627
skol1241,SkoltSaami,Uralic,69.38,29.04,5,4,0,0,1,62,9,1,18,8,0,No,1,2,68.8326,29.7204
slov1268,Slovene,Indo-European,46,15,2,4,0,0,0,21,7,1,13,0,2,Yes,3,2,46.2543,14.7766
soch1239,SochiapamChinantec,Otomanguean,17.8,342.2,1,3,0,0,0,18,7,1,14,21,3,No,2,1,17.7985,-96.6079
soma1255,Somali,Cushitic,3,45,2,7,0,0,0,22,10,1,20,1,1,No,1,1,4.778704,45.152856
soni1259,Soninke,Mande,15,-10.5,2,5,0,0,0,19,5,1,10,0,2,No,1,0,13.1273,-11.7178
sout1528,BCS(Standard),Indo-European,44,19,2,4,0,0,0,25,5,1,10,0,2,Yes,3,3,44.15,18.81
sout2674,SouthernSIndo-EuropeanrraMiwok,Utian,37.5,240,1,4,0,0,1,14,6,1,12,0,0,No,1,1,62.8801,13.7006
sout2949,Kiwai,Trans-Fly,-8,143.5,2,3,0,0,0,11,5,0,5,3,,,1,0,-8.64889,143.244
sout2985,SouthSaami,Uralic,62.35,11.24,2,4,0,0,1,20,9,1,13,10,0,No,3,2,38.2363,-120.507
sout2994,Nambikwara,Nambikwara,-13,301,2,3,0,0,0,14,5,2,16,17,2,No,2,2,-14.3707,-59.5187
sout3261,Icari,Nakh-Daghestanian(EastCaucasian),41.98,47.57,4,5,1,1,1,42,4,2,10,,,Yes,1,2,41.977226,47.565486
sout3261,Tanty,Nakh-Daghestanian(EastCaucasian),41.98,47.57,4,5,1,1,1,56,4,1,7,0,0,Yes,1,2,41.977226,47.565486
stan1288,Spanish,Indo-European,40,-4,2,4,0,0,0,18,5,0,5,15,0,Yes,2,2,40.4414,-1.11788
stan1295,German,Indo-European,52,10,2,3,0,0,0,18,14,0,14,4,0,No,3,4,48.649,12.4676
suab1238,Inanwatan/Suabo,Inanwatan,-2.08,132.08,2,3,0,0,0,11,5,0,5,0,0,Yes,1,1,-2.07971,132.157
supy1237,Supyire,Atlantic-Congo,11.63,-5.88,2,4,1,0,,22,7,1,12,0,3,Yes,1,0,11.632,-5.87709
svan1243,Svan,Kartvelian,43,42.5,3,4,0,1,0,30,9,1,18,,0,No,2,4,42.9134,42.5915
swed1254,Swedish,Indo-European,60,15,2,3,0,0,0,18,9,1,18,0,2,Yes,3,5,59.800634,17.389526
taba1259,Tabasaran,Nakh-Daghestanian(EastCaucasian),42.02,47.84,4,5,1,1,0,41,5,2,12,,2,Yes,1,2,42.0198,47.8379
taga1270,Tagalog,Austronesian,15,121,2,3,0,0,0,22,5,1,10,0,0,No,2,1,14.06,121.747
take1257,Takelma,Takelma(isolate),42.42,317.58,3,4,1,1,0,22,6,1,12,0,2,Yes,2,3,42.423,-123.452
tama1365,Tamashek,Berber,16.76,-3.01,3,5,0,0,1,23,7,0,7,,0,Yes,1,2,14.2038,-2.41269
tauy1241,Tauya,NuclearTNG,-5.75,145.33,1,3,1,0,0,15,5,0,5,,0,No,1,1,-5.74255,145.366
tawa1275,Tawala,Austronesian,-10.33,150.67,2,3,1,0,0,19,5,0,5,0,0,No,1,0,-10.3115,150.644
thai1261,Thai,Tai-Kadai,16,101,3,4,0,0,0,20,9,1,18,6,5,No,2,1,14.192,100.671
thom1243,Thompson,Salishan,50.17,238.25,2,5,2,1,0,42,4,1,8,,0,,2,6,50.1668,-120.193
tibe1272,Tibetan(Lhasa),Sino-Tibetan,29.5,91,2,5,1,0,0,25,8,2,24,0,1,No,1,1,28.3681,90.1872
timu1245,Timucua,Timucua(isolate),30.3,329.7,1,4,1,0,0,,5,1,10,,,,1,0,30.3027,-82.3132
tind1238,Tindi:Tindi,Nakh-Daghestanian(EastCaucasian),42.45,46.22,3,7,1,1,0,41,5,2,18,,,No,1,1,42.3316,45.9227
tiwi1244,Tiwi,Tiwi(isolate),-11.5,131,1,4,0,0,0,14,4,0,4,0,0,No,2,0,-11.6308,130.949
tlah1239,Mixe(Ayutla/Tlahuitoltepec),Mixe-Zoque,17.06,342.94,1,3,0,0,0,12,7,3,28,0,0,No,2,4,16.9634,-96.1186
tlin1245,Tlingit,AET,59.44,300.56,3,6,2,1,0,46,4,1,8,0,2,,2,2,59.4447,-135.29
toho1245,TohonoO'odham,Uto-Aztecan,31.8,328.2,2,4,0,0,0,20,5,0,5,0,0,No,2,1,31.7973,-111.995
tokp1240,TokPisin,creole,-9.5,147.17,2,3,0,0,0,,5,0,5,3,0,No,3,1,-9.41971,147.303
tonk1249,Tonkawa,Tonkawa(isolate),30.25,263.25,1,4,1,0,0,15,5,1,10,,0,No,2,2,30.25,-96.75
tosk1239,Albanian,Indo-European,41,20,2,4,0,0,0,29,7,0,7,0,0,No,4,3,41,20
trum1247,Trumaí,Trumaí(isolate),-12,307,2,4,0,1,0,23,6,0,6,0,,No,1,1,-11.8119,-53.5717
tsak1249,Tsakhur,Nakh-Daghestanian(EastCaucasian),41.67,47.17,4,5,2,1,1,36,6,1,11,,2,Yes,1,2,41.5916,46.8858
tuni1252,Tunica,Tunica(isolate),32.67,269,1,4,0,0,0,14,7,0,7,0,0,Yes,1,2,30.9888,-92.5403
tuvi1240,Tuva,Turkic,52,95,2,3,0,0,0,20,8,1,16,0,1,No,1,2,51.7,94.36667
tzut1248,Tzutujil,Mayan,14.67,345.33,2,5,0,1,0,22,5,1,12,2,0,No,1,2,14.6351,-91.2012
udih1248,Udihe,Tungusic,47.67,136.25,2,4,0,0,0,17,8,2,17,1,0,No,1,0,46.63086,135.67762
udii1243,Udi,Nakh-Daghestanian(EastCaucasian),41.08,47.27,3,5,,1,0,32,9,2,19,,,No,1,2,40.9,47.7236
udmu1245,Udmurt,Uralic,57.5,52.5,2,5,0,0,0,26,7,0,7,2,0,No,1,1,56.12921,52.63548
uigh1240,Uighur,Turkic,43.6,98,2,4,0,0,0,16,7,1,15,0,0,,1,1,43.88,87.38
umbi1243,Umpithamu,Pama-Nyungan,-13.92,143.33,1,5,0,0,0,16,5,1,10,,0,No,1,1,-13.921,143.328
uppe1437,UpperTanana,AET,62.69,297.31,3,6,0,1,0,34,7,2,19,2,3,,2,2,62.6867,-141.37
urar1246,Urarina,Urarina(isolate),-4,356,1,4,2,0,0,14,5,2,20,5,2,No,1,0,-4.44006,-75.4211
vani1248,Vanimo(Dumo),Macro-Skou,-2.67,141.3,2,2,0,0,0,12,8,1,16,,3,No,1,0,-2.68501,141.258
viet1252,VIndo-Europeantnamese,Austroasiatic,10.5,106.5,2,5,0,0,0,22,12,0,12,,6,No,3,2,20.681188,105.774071
wand1278,Wandala,Chadic,11.5,13.75,4,6,0,3,0,42,3,0,3,0,2,No,3,1,11.3169,13.8996
wapp1239,Wappo,Yuki-Wappo,38.5,237.5,3,5,0,1,0,29,5,0,5,10,0,No,1,1,38.25,-122.5
wara1303,Warao,Warao(isolate),9.33,298.33,1,3,1,0,0,11,5,0,5,0,,No,1,0,7.50851,-59.3528
wari1268,Wari,Chapakuran,-11.33,295,1,4,1,0,0,13,6,0,6,7,0,No,1,1,-10.69948,-64.56152
warl1254,Warlpiri,Pama-Nyungan,-20,132.33,1,5,0,0,0,18,3,1,6,,0,No,1,1,-20.1008,131.05
wasc1239,Wishram,Chinookan,45.5,237.5,3,6,1,1,0,37,4,0,4,0,0,No,2,3,45.0278,-121.509
wash1253,Washo,Washo(isolate),39.25,240,3,3,0,1,0,31,6,1,12,0,0,Yes,1,1,38.8184,-119.64
west2369,Persian,Indo-European,34,52,2,4,0,0,0,25,6,0,6,,0,No,1,2,32.9,53.3
west2443,WembaWemba,Pama-Nyungan,-36,145,1,6,0,0,0,17,6,0,6,,0,No,2,1,-34.13829932,143.6694397
west2599,Kewa,NuclearTNG,-6.5,143.83,2,3,0,0,0,13,6,0,6,0,2,No,1,0,-6.32097,143.73
west2632,Acoma,Keresan,34.92,252.42,3,5,0,0,0,39,5,1,10,,4,,1,0,34.9733,-107.517
wich1260,Wichita,Caddoan,33.33,262.67,1,4,0,0,0,10,3,2,9,0,2,Yes,4,4,35.0665,-98.1831
wich1263,Mataco(Wichi),Matacoan,-23,299,2,4,1,1,0,17,5,0,5,0,,Yes,1,2,-24.2189,-61.9117
wint1259,Wintu,Wintun,41,237.5,4,6,0,1,0,28,5,1,10,0,0,No,1,1,39.7176,-122.445
xokl1240,Xokleng,Macro-Ge,-24.5,310,2,4,1,0,0,15,9,1,15,0,,,2,1,-26.9217,-49.5886
xooo1239,West!Xoon,Tuu,-23.59,19.15,6,7,2,3,0,85,5,5,30,0,2,,2,0,-23.59,19.15
yaga1260,Hua,NuclearTNG,-6.33,145.42,2,3,0,0,0,15,5,0,5,,2,No,4,1,-6.32432,145.388
yagu1244,Yagua,Zaparo-Yagua(Peba-Yagua),-3.5,288,1,4,1,0,0,11,7,1,14,,2,,1,1,-3.42913,-72.2186
yaku1245,Yakut,Turkic,62,130,2,4,0,0,0,19,8,1,16,8,0,No,1,1,61.69744,133.98031
yalu1240,Jalonke(Yalunka),Mande,9.97,-11.28,2,4,0,0,,17,7,1,14,0,0,,1,1,9.97186,-11.2836
yane1238,Yanesha'(Amuesha),Arawakan,-10.5,284.58,1,5,1,0,0,19,5,1,10,,0,No,1,1,-10.5454,-75.315
yecu1235,Totonac(Misantla),Totonac-Tepehuan,19.92,263.08,1,5,0,0,0,16,3,2,12,0,0,No,2,2,20.1765,-96.8741
yele1255,YeliDnye/Yele,Yele(isolate),-11.38,154.13,1,7,2,3,0,40,10,2,34,,,No,1,1,-11.3796,154.127
yess1239,Yessan-Mayo,Sepik,-4.16,142.57,2,3,1,0,0,16,4,0,4,,0,No,1,2,-4.15721,142.574
yima1243,Yimas,LowerSepik,-4.67,143.55,1,4,0,0,0,12,4,0,4,0,0,No,2,2,-4.71731,143.572
yoku1256,Yokuts(Yawelmani),Yokutsan(maybeYokuts-Utian),35,240,3,4,0,1,0,33,5,1,10,0,0,No,1,1,36.3167,-119.721
yoru1245,Yoruba,Atlantic-Congo,8,4.33,2,5,0,1,,17,7,1,10,0,3,,1,0,7.15345,3.67225
yura1255,Yurakare,Yurakare(isolate),-16.75,343.25,2,4,0,0,1,18,7,0,7,,0,Yes,1,1,-16.7479,-65.1224
yuro1248,Yurok,Algic,41.33,236,2,4,1,1,0,23,6,0,6,0,0,No,2,3,41.3262,-123.824
zaca1242,ZacatepecEasternChatino,Otomanguean,16.08,343.92,1,5,0,0,0,18,5,2,18,,5,No,2,1,16.08,-97.3069
zulu1248,Zulu(Southern),Atlantic-Congo,-28.9,30.2,9,5,1,2,0,50,5,0,5,0,2,,3,0,-28.9,30.2
zuni1245,Zuni,Zuni(isolate),35.08,251.17,1,4,1,0,0,16,5,1,10,,0,No,1,1,35.0056,-108.782
